"n","K","p_x","icc_x","beta_1","beta_2","beta_3","beta_4","bar_W","sigma_gamma_sq","icc_yx","p.val","sd.model","p.val.null","sd.model.null","sigma.gamma.sq.model","sd.ss","beta4.ss","power.ss","K_linear","time"
30,44,0.5,0.1,0.9,0.1,-0.1,0.75,0.5,0.173150954405076,0.05,5.32227713768104e-06,0.267102666862608,0.859282432684039,0.258360261655458,0.0840720210342389,0.265089061458126,0.765748596361472,80.7652153743153,44,0.344814443588257
50,28,0.5,0.1,0.9,0.1,-0.1,0.75,0.5,0.173150954405076,0.05,2.26918963437522e-05,0.273151395690937,0.428050888046859,0.256452559849865,0.233667041854628,0.258461325610126,1.00977825035661,82.6859234576138,28,0.344814443588257
100,14,0.5,0.1,0.9,0.1,-0.1,0.75,0.5,0.173150954405076,0.05,0.0090744040671476,0.255009056255032,0.757014249311861,0.250043802198722,0.156500441978561,0.259778267686629,1.41359992039562,82.3066835171331,14,0.344814443588257
200,8,0.5,0.1,0.9,0.1,-0.1,0.75,0.5,0.173150954405076,0.05,0.000595729663868155,0.230961958531327,0.254911194438672,0.236144253650792,0.0959276735983573,0.243926999383354,2.12095484415463,86.7516397602985,8,0.344814443588257
30,46,0.5,0.25,0.9,0.1,-0.1,0.75,0.5,0.173150954405076,0.05,0.00714582660529512,0.267888459802071,0.710268398006059,0.256609100854884,0.152495679850352,0.267422004573204,0.735907055990595,80.0831625317334,48,0.344814443588257
50,30,0.5,0.25,0.9,0.1,-0.1,0.75,0.5,0.173150954405076,0.05,0.000499640852626696,0.271328153865044,0.650891356761775,0.254011661246485,0.10553991766035,0.260067104988269,0.963528774691769,82.2233289584527,30,0.344814443588257
100,16,0.5,0.25,0.9,0.1,-0.1,0.75,0.5,0.173150954405076,0.05,0.000205862228903524,0.278038863254207,0.447236839292335,0.251938480708428,0.201115306575658,0.256202855136912,1.35946565715727,83.3329420656042,16,0.344814443588257
200,8,0.5,0.25,0.9,0.1,-0.1,0.75,0.5,0.173150954405076,0.05,0.0323752359562312,0.26268252190274,0.0290364566107957,0.261629183169255,0.0386183087185574,0.259577108296817,1.87291638519649,82.364698454724,8,0.344814443588257
30,52,0.5,0.5,0.9,0.1,-0.1,0.75,0.5,0.173150954405076,0.05,0.00865406565522724,0.258222260121383,0.395644016857709,0.262965129039389,0.106729710277115,0.26664625428356,0.696183163794665,80.3102296290235,56,0.344814443588257
50,34,0.5,0.5,0.9,0.1,-0.1,0.75,0.5,0.173150954405076,0.05,0.0224727580235472,0.277539227484138,0.596510879733211,0.288481924209197,0.178962116115082,0.264481472441486,0.875117152182321,80.9424194927146,36,0.344814443588257
100,20,0.5,0.5,0.9,0.1,-0.1,0.75,0.5,0.173150954405076,0.05,0.000591557364213498,0.258842653989013,0.09148717971731,0.26195366928814,0.103773642104286,0.255209908812258,1.22542320546084,83.6159442587245,20,0.344814443588257
200,10,0.5,0.5,0.9,0.1,-0.1,0.75,0.5,0.173150954405076,0.05,0.233863288826126,0.290088724627781,0.647516148496207,0.278190729777039,0.0867714404650129,0.264539224399026,1.61293182412897,80.9255843592636,12,0.344814443588257
30,80,0.5,1,0.9,0.1,-0.1,0.75,0.5,0.173150954405076,0.05,1.793898384401e-06,0.234120129037798,0.548533987217604,0.249257295202405,0.0926970357370911,0.267096574911109,0.559389784867605,80.1784486155736,80,0.344814443588257
50,64,0.5,1,0.9,0.1,-0.1,0.75,0.5,0.173150954405076,0.05,0.00336830622127096,0.241834659871677,0.777957481656936,0.28194936225251,0.122086493033572,0.26612127064074,0.630009355865246,80.4637477219811,64,0.344814443588257
100,52,0.5,1,0.9,0.1,-0.1,0.75,0.5,0.173150954405076,0.05,4.59962391886187e-05,0.266850120642565,0.067632501542136,0.213719928323884,0.173650075525669,0.264991459123568,0.704905238189037,80.7936940624608,52,0.344814443588257
200,46,0.5,1,0.9,0.1,-0.1,0.75,0.5,0.173150954405076,0.05,0.0425591208420247,0.277332661237279,0.969024610452462,0.235688434506122,0.191491473086985,0.264202653767569,0.753950608007078,81.0236721017028,44,0.344814443588257
30,44,0.5,0.1,0.9,0.1,-0.1,0.75,0.5,0.173150954405076,0.05,0.00157049271196989,0.270891263857317,0.599155952416722,0.263918341652208,0.179190303064931,0.265089061458126,0.765748596361472,80.7652153743153,44,0.344814443588257
50,28,0.5,0.1,0.9,0.1,-0.1,0.75,0.5,0.173150954405076,0.05,5.48800938754296e-05,0.266605417747554,0.340780276870363,0.254933211039478,0.18446665778874,0.258461325610126,1.00977825035661,82.6859234576138,28,0.344814443588257
100,14,0.5,0.1,0.9,0.1,-0.1,0.75,0.5,0.173150954405076,0.05,2.47651807848149e-07,0.259909536408243,0.155040158791107,0.251792854599464,0.136060090459141,0.259778267686629,1.41359992039562,82.3066835171331,14,0.344814443588257
200,8,0.5,0.1,0.9,0.1,-0.1,0.75,0.5,0.173150954405076,0.05,0.0449298420266457,0.255075821564042,0.173625633812155,0.230661188255567,0.108420749296184,0.243926999383354,2.12095484415463,86.7516397602985,8,0.344814443588257
30,46,0.5,0.25,0.9,0.1,-0.1,0.75,0.5,0.173150954405076,0.05,0.000615799144518009,0.293761971134115,0.865202230694461,0.263546246536621,0.239823401506836,0.267422004573204,0.735907055990595,80.0831625317334,48,0.344814443588257
50,30,0.5,0.25,0.9,0.1,-0.1,0.75,0.5,0.173150954405076,0.05,0.017195561857692,0.267031057297041,0.947030769131492,0.25118534445826,0.15834455898639,0.260067104988269,0.963528774691769,82.2233289584527,30,0.344814443588257
100,16,0.5,0.25,0.9,0.1,-0.1,0.75,0.5,0.173150954405076,0.05,1.00030996726273e-05,0.257736412251295,0.826322549909887,0.244234161828839,0.163813592847959,0.256202855136912,1.35946565715727,83.3329420656042,16,0.344814443588257
200,8,0.5,0.25,0.9,0.1,-0.1,0.75,0.5,0.173150954405076,0.05,0.000259033039901411,0.241186553780655,0.373748461956846,0.26106506278017,0.00640920964814842,0.259577108296817,1.87291638519649,82.364698454724,8,0.344814443588257
30,52,0.5,0.5,0.9,0.1,-0.1,0.75,0.5,0.173150954405076,0.05,1.73653523968199e-05,0.281892427430141,0.247157417964195,0.258038490716208,0.191014674976627,0.26664625428356,0.696183163794665,80.3102296290235,56,0.344814443588257
50,34,0.5,0.5,0.9,0.1,-0.1,0.75,0.5,0.173150954405076,0.05,0.0152547750528066,0.272517253136877,0.753676444571082,0.270813982597397,0.148373625343865,0.264481472441486,0.875117152182321,80.9424194927146,36,0.344814443588257
100,20,0.5,0.5,0.9,0.1,-0.1,0.75,0.5,0.173150954405076,0.05,0.000373811408774582,0.245930663701332,0.63470829561629,0.256439410917765,0.0477170600329909,0.255209908812258,1.22542320546084,83.6159442587245,20,0.344814443588257
200,10,0.5,0.5,0.9,0.1,-0.1,0.75,0.5,0.173150954405076,0.05,0.00106696646209197,0.283988750317039,0.415099150459236,0.283192371588078,0.0615636815652082,0.264539224399026,1.61293182412897,80.9255843592636,12,0.344814443588257
30,80,0.5,1,0.9,0.1,-0.1,0.75,0.5,0.173150954405076,0.05,0.00164567582386163,0.280244006044829,0.47207800742711,0.251985742742399,0.203585186815259,0.267096574911109,0.559389784867605,80.1784486155736,80,0.344814443588257
50,64,0.5,1,0.9,0.1,-0.1,0.75,0.5,0.173150954405076,0.05,4.36249725712938e-05,0.240713527461471,0.0381520488048693,0.240613139738367,0.119833819076511,0.26612127064074,0.630009355865246,80.4637477219811,64,0.344814443588257
100,52,0.5,1,0.9,0.1,-0.1,0.75,0.5,0.173150954405076,0.05,0.000908344333568031,0.219352617723563,0.894589658541703,0.24106894593734,0.0978048352904888,0.264991459123568,0.704905238189037,80.7936940624608,52,0.344814443588257
200,46,0.5,1,0.9,0.1,-0.1,0.75,0.5,0.173150954405076,0.05,4.59996399433349e-05,0.296978186745753,0.708285163887183,0.229999691176227,0.220495140035181,0.264202653767569,0.753950608007078,81.0236721017028,44,0.344814443588257
30,44,0.5,0.1,0.9,0.1,-0.1,0.75,0.5,0.173150954405076,0.05,0.00221296726353193,0.266343980024578,0.663972236085074,0.249584074107895,0.0846860894414813,0.265089061458126,0.765748596361472,80.7652153743153,44,0.344814443588257
50,28,0.5,0.1,0.9,0.1,-0.1,0.75,0.5,0.173150954405076,0.05,0.000515337490901939,0.250641645568649,0.950263581817177,0.255708567600132,0.0351938435736627,0.258461325610126,1.00977825035661,82.6859234576138,28,0.344814443588257
100,14,0.5,0.1,0.9,0.1,-0.1,0.75,0.5,0.173150954405076,0.05,0.032423278702265,0.255628778229949,0.576440578201315,0.255654056033928,0.192365871436844,0.259778267686629,1.41359992039562,82.3066835171331,14,0.344814443588257
200,8,0.5,0.1,0.9,0.1,-0.1,0.75,0.5,0.173150954405076,0.05,3.5878689695426e-05,0.258306253194877,0.681965840096824,0.2269611583509,0.0593495973062416,0.243926999383354,2.12095484415463,86.7516397602985,8,0.344814443588257
30,46,0.5,0.25,0.9,0.1,-0.1,0.75,0.5,0.173150954405076,0.05,1.62588753447439e-06,0.275646367809484,0.435099554109801,0.249275535412711,0.145167147039044,0.267422004573204,0.735907055990595,80.0831625317334,48,0.344814443588257
50,30,0.5,0.25,0.9,0.1,-0.1,0.75,0.5,0.173150954405076,0.05,0.129428773017787,0.277338293879491,0.793132659277033,0.248738081822361,0.165568640352989,0.260067104988269,0.963528774691769,82.2233289584527,30,0.344814443588257
100,16,0.5,0.25,0.9,0.1,-0.1,0.75,0.5,0.173150954405076,0.05,0.000892506004014154,0.261433075550205,0.494140017934027,0.248940144053439,0.162875455836592,0.256202855136912,1.35946565715727,83.3329420656042,16,0.344814443588257
200,8,0.5,0.25,0.9,0.1,-0.1,0.75,0.5,0.173150954405076,0.05,0.0236546005447695,0.25736026323262,0.78207019810315,0.268844574500359,0.0984742184561601,0.259577108296817,1.87291638519649,82.364698454724,8,0.344814443588257
30,52,0.5,0.5,0.9,0.1,-0.1,0.75,0.5,0.173150954405076,0.05,0.00922778686086016,0.263106939046789,0.159159308224279,0.269563393793887,0.123558126698963,0.26664625428356,0.696183163794665,80.3102296290235,56,0.344814443588257
50,34,0.5,0.5,0.9,0.1,-0.1,0.75,0.5,0.173150954405076,0.05,0.090687317468694,0.280265224259378,0.0179354332032938,0.26907497272073,0.271617247790923,0.264481472441486,0.875117152182321,80.9424194927146,36,0.344814443588257
100,20,0.5,0.5,0.9,0.1,-0.1,0.75,0.5,0.173150954405076,0.05,0.0196072130116457,0.257857064215193,0.470706696977162,0.257778799921999,0.154434105358184,0.255209908812258,1.22542320546084,83.6159442587245,20,0.344814443588257
200,10,0.5,0.5,0.9,0.1,-0.1,0.75,0.5,0.173150954405076,0.05,0.0417902001059939,0.266795514883522,0.038399025285482,0.274824677420551,0.0761137369438179,0.264539224399026,1.61293182412897,80.9255843592636,12,0.344814443588257
30,80,0.5,1,0.9,0.1,-0.1,0.75,0.5,0.173150954405076,0.05,7.83005221464831e-05,0.228571505857202,0.557305104535048,0.257322398481779,0.0803234943985983,0.267096574911109,0.559389784867605,80.1784486155736,80,0.344814443588257
50,64,0.5,1,0.9,0.1,-0.1,0.75,0.5,0.173150954405076,0.05,0.00157614963302189,0.250023222839439,0.838530829811433,0.241007449010675,0.134973393682071,0.26612127064074,0.630009355865246,80.4637477219811,64,0.344814443588257
100,52,0.5,1,0.9,0.1,-0.1,0.75,0.5,0.173150954405076,0.05,0.000235482289864666,0.266568645339381,0.698745787903299,0.282091778706171,0.171215949163918,0.264991459123568,0.704905238189037,80.7936940624608,52,0.344814443588257
200,46,0.5,1,0.9,0.1,-0.1,0.75,0.5,0.173150954405076,0.05,0.00030775058592804,0.251278637697439,0.876489966926343,0.231309400943231,0.151292814581986,0.264202653767569,0.753950608007078,81.0236721017028,44,0.344814443588257
30,44,0.5,0.1,0.9,0.1,-0.1,0.75,0.5,0.173150954405076,0.05,0.0191893112499369,0.264422000362949,0.747023001379234,0.249183737284792,0.0799553732942576,0.265089061458126,0.765748596361472,80.7652153743153,44,0.344814443588257
50,28,0.5,0.1,0.9,0.1,-0.1,0.75,0.5,0.173150954405076,0.05,0.000305996987097331,0.280068631510725,0.0805994841677198,0.243756090087886,0.301021490391443,0.258461325610126,1.00977825035661,82.6859234576138,28,0.344814443588257
100,14,0.5,0.1,0.9,0.1,-0.1,0.75,0.5,0.173150954405076,0.05,0.0458164149647512,0.277328660558538,0.601019832563123,0.243714563964727,0.378473112760562,0.259778267686629,1.41359992039562,82.3066835171331,14,0.344814443588257
200,8,0.5,0.1,0.9,0.1,-0.1,0.75,0.5,0.173150954405076,0.05,0.158102237866736,0.269277808181694,0.493325618869916,0.237493001735339,0.165774132091668,0.243926999383354,2.12095484415463,86.7516397602985,8,0.344814443588257
30,46,0.5,0.25,0.9,0.1,-0.1,0.75,0.5,0.173150954405076,0.05,0.00513234534310591,0.267911243349745,0.451056220313462,0.258498975524483,0.119924494715527,0.267422004573204,0.735907055990595,80.0831625317334,48,0.344814443588257
50,30,0.5,0.25,0.9,0.1,-0.1,0.75,0.5,0.173150954405076,0.05,5.43737070757287e-05,0.262499127850868,0.127388294804928,0.248600258388174,0.050077195884481,0.260067104988269,0.963528774691769,82.2233289584527,30,0.344814443588257
100,16,0.5,0.25,0.9,0.1,-0.1,0.75,0.5,0.173150954405076,0.05,0.533688015147526,0.26152633451435,0.292204370536497,0.247124640645454,0.203068972783499,0.256202855136912,1.35946565715727,83.3329420656042,16,0.344814443588257
200,8,0.5,0.25,0.9,0.1,-0.1,0.75,0.5,0.173150954405076,0.05,0.00285271769643334,0.251566335771711,0.558646135105276,0.231429247201783,0.0653074142148577,0.259577108296817,1.87291638519649,82.364698454724,8,0.344814443588257
30,52,0.5,0.5,0.9,0.1,-0.1,0.75,0.5,0.173150954405076,0.05,0.10805060011324,0.290602611564315,0.270611899628588,0.248964405334155,0.341741006311119,0.26664625428356,0.696183163794665,80.3102296290235,56,0.344814443588257
50,34,0.5,0.5,0.9,0.1,-0.1,0.75,0.5,0.173150954405076,0.05,0.00287701500070817,0.266116421336444,0.177994888509958,0.273890923307301,0.0876300621666195,0.264481472441486,0.875117152182321,80.9424194927146,36,0.344814443588257
100,20,0.5,0.5,0.9,0.1,-0.1,0.75,0.5,0.173150954405076,0.05,0.115383439286726,0.26982171802857,0.981902069746786,0.273240829385547,0.139147216460398,0.255209908812258,1.22542320546084,83.6159442587245,20,0.344814443588257
200,10,0.5,0.5,0.9,0.1,-0.1,0.75,0.5,0.173150954405076,0.05,0.0320304718690546,0.234765709506401,0.0773658568109948,0.24449829041608,0.0109941288792381,0.264539224399026,1.61293182412897,80.9255843592636,12,0.344814443588257
30,80,0.5,1,0.9,0.1,-0.1,0.75,0.5,0.173150954405076,0.05,0.0747209633061759,0.230081744378868,0.461765121775041,0.250146601180355,0.0850782528897663,0.267096574911109,0.559389784867605,80.1784486155736,80,0.344814443588257
50,64,0.5,1,0.9,0.1,-0.1,0.75,0.5,0.173150954405076,0.05,3.30582206751292e-06,0.224726280910839,0.503913868164079,0.284199645693506,0.0903012822017755,0.26612127064074,0.630009355865246,80.4637477219811,64,0.344814443588257
100,52,0.5,1,0.9,0.1,-0.1,0.75,0.5,0.173150954405076,0.05,3.11339991904542e-05,0.200173901822197,0.281803122069244,0.261298230603067,0.0756945998351279,0.264991459123568,0.704905238189037,80.7936940624608,52,0.344814443588257
200,46,0.5,1,0.9,0.1,-0.1,0.75,0.5,0.173150954405076,0.05,0.0031776725024448,0.21775032001807,0.666474025797848,0.271166315140894,0.106521613552882,0.264202653767569,0.753950608007078,81.0236721017028,44,0.344814443588257
30,44,0.5,0.1,0.9,0.1,-0.1,0.75,0.5,0.173150954405076,0.05,0.822097982940973,0.264390653244226,0.270675887883134,0.252190414135413,0.27177449457388,0.265089061458126,0.765748596361472,80.7652153743153,44,0.344814443588257
50,28,0.5,0.1,0.9,0.1,-0.1,0.75,0.5,0.173150954405076,0.05,0.000391480671107676,0.278177473080578,0.318885014942304,0.249855961432444,0.16016135959384,0.258461325610126,1.00977825035661,82.6859234576138,28,0.344814443588257
100,14,0.5,0.1,0.9,0.1,-0.1,0.75,0.5,0.173150954405076,0.05,0.000245461991493804,0.289487177954852,0.98634358999321,0.247308825972534,0.154325570563287,0.259778267686629,1.41359992039562,82.3066835171331,14,0.344814443588257
200,8,0.5,0.1,0.9,0.1,-0.1,0.75,0.5,0.173150954405076,0.05,0.0321243765782476,0.260862543529481,0.0539252334268568,0.228317365437432,0.420294779484461,0.243926999383354,2.12095484415463,86.7516397602985,8,0.344814443588257
30,46,0.5,0.25,0.9,0.1,-0.1,0.75,0.5,0.173150954405076,0.05,3.25712861414594e-06,0.282905597141298,0.996212312447387,0.262582733884408,0.131301293214777,0.267422004573204,0.735907055990595,80.0831625317334,48,0.344814443588257
50,30,0.5,0.25,0.9,0.1,-0.1,0.75,0.5,0.173150954405076,0.05,0.0190368667407142,0.271820297327873,0.864560678134877,0.261290744978152,0.231041352469021,0.260067104988269,0.963528774691769,82.2233289584527,30,0.344814443588257
100,16,0.5,0.25,0.9,0.1,-0.1,0.75,0.5,0.173150954405076,0.05,0.0430657032764583,0.261700643473174,0.0928724778457027,0.257049634223683,0.177651649814856,0.256202855136912,1.35946565715727,83.3329420656042,16,0.344814443588257
200,8,0.5,0.25,0.9,0.1,-0.1,0.75,0.5,0.173150954405076,0.05,0.0620618353442487,0.278864262220374,0.197857032272967,0.254364881186062,0.266417291984344,0.259577108296817,1.87291638519649,82.364698454724,8,0.344814443588257
30,52,0.5,0.5,0.9,0.1,-0.1,0.75,0.5,0.173150954405076,0.05,2.43662731740565e-05,0.276083482867685,0.413932949620445,0.240714699924432,0.145166228343236,0.26664625428356,0.696183163794665,80.3102296290235,56,0.344814443588257
50,34,0.5,0.5,0.9,0.1,-0.1,0.75,0.5,0.173150954405076,0.05,0.0142555024962085,0.270464359811835,0.586414345784052,0.254977485622805,0.141433106248719,0.264481472441486,0.875117152182321,80.9424194927146,36,0.344814443588257
100,20,0.5,0.5,0.9,0.1,-0.1,0.75,0.5,0.173150954405076,0.05,0.00276980463473118,0.252494566864437,0.134378588087597,0.265531899676622,0.073507783710745,0.255209908812258,1.22542320546084,83.6159442587245,20,0.344814443588257
200,10,0.5,0.5,0.9,0.1,-0.1,0.75,0.5,0.173150954405076,0.05,0.0609292192204367,0.280103753494649,0.800485046781077,0.261206237319663,0.267263903182904,0.264539224399026,1.61293182412897,80.9255843592636,12,0.344814443588257
30,80,0.5,1,0.9,0.1,-0.1,0.75,0.5,0.173150954405076,0.05,0.000640112877458374,0.272969440705735,0.520425569044052,0.230730494458775,0.187169419536134,0.267096574911109,0.559389784867605,80.1784486155736,80,0.344814443588257
50,64,0.5,1,0.9,0.1,-0.1,0.75,0.5,0.173150954405076,0.05,0.000233888102569409,0.294028765700579,0.286237927757091,0.227999330866731,0.221689947780014,0.26612127064074,0.630009355865246,80.4637477219811,64,0.344814443588257
100,52,0.5,1,0.9,0.1,-0.1,0.75,0.5,0.173150954405076,0.05,0.000276273168101364,0.238429586939359,0.449418132900417,0.287161280495471,0.12566455971044,0.264991459123568,0.704905238189037,80.7936940624608,52,0.344814443588257
200,46,0.5,1,0.9,0.1,-0.1,0.75,0.5,0.173150954405076,0.05,0.000112716859400063,0.237498547307975,0.350060864616919,0.262595629499767,0.134577848995485,0.264202653767569,0.753950608007078,81.0236721017028,44,0.344814443588257
30,44,0.5,0.1,0.9,0.1,-0.1,0.75,0.5,0.173150954405076,0.05,0.0861616088048806,0.254174259577799,0.234328340587973,0.252848543620534,4e-14,0.265089061458126,0.765748596361472,80.7652153743153,44,0.344814443588257
50,28,0.5,0.1,0.9,0.1,-0.1,0.75,0.5,0.173150954405076,0.05,0.0592220808323909,0.25561415376189,0.172663465787233,0.250189726629498,0.0983859063442745,0.258461325610126,1.00977825035661,82.6859234576138,28,0.344814443588257
100,14,0.5,0.1,0.9,0.1,-0.1,0.75,0.5,0.173150954405076,0.05,5.25010911439375e-06,0.278031580099559,0.0243403000159754,0.252399982791557,0.102169011996794,0.259778267686629,1.41359992039562,82.3066835171331,14,0.344814443588257
200,8,0.5,0.1,0.9,0.1,-0.1,0.75,0.5,0.173150954405076,0.05,0.0217076630261965,0.236104913002685,0.379436826072799,0.232052398869582,0.443783165141908,0.243926999383354,2.12095484415463,86.7516397602985,8,0.344814443588257
30,46,0.5,0.25,0.9,0.1,-0.1,0.75,0.5,0.173150954405076,0.05,0.00098053130853966,0.258741707186515,0.0352258055682667,0.241086205486377,0.051111640672388,0.267422004573204,0.735907055990595,80.0831625317334,48,0.344814443588257
50,30,0.5,0.25,0.9,0.1,-0.1,0.75,0.5,0.173150954405076,0.05,0.623464854958842,0.274674373154727,0.0200654639494056,0.251777315302314,0.163773274693693,0.260067104988269,0.963528774691769,82.2233289584527,30,0.344814443588257
100,16,0.5,0.25,0.9,0.1,-0.1,0.75,0.5,0.173150954405076,0.05,0.0269666278763797,0.254822747417587,0.728441414311251,0.253417620717801,0.153798712937084,0.256202855136912,1.35946565715727,83.3329420656042,16,0.344814443588257
200,8,0.5,0.25,0.9,0.1,-0.1,0.75,0.5,0.173150954405076,0.05,0.0194391026129202,0.270711989970138,0.552549769051892,0.220864183634743,0.0552266395368957,0.259577108296817,1.87291638519649,82.364698454724,8,0.344814443588257
30,52,0.5,0.5,0.9,0.1,-0.1,0.75,0.5,0.173150954405076,0.05,0.000228002510463601,0.265800966517983,0.00137713738496578,0.243454079263757,0.0930306797243711,0.26664625428356,0.696183163794665,80.3102296290235,56,0.344814443588257
50,34,0.5,0.5,0.9,0.1,-0.1,0.75,0.5,0.173150954405076,0.05,0.00513478889526521,0.283811516548724,0.169654546217396,0.253301006741531,0.162199249064059,0.264481472441486,0.875117152182321,80.9424194927146,36,0.344814443588257
100,20,0.5,0.5,0.9,0.1,-0.1,0.75,0.5,0.173150954405076,0.05,0.000264646566361315,0.256560745126939,0.190500542947567,0.267063822732368,0.137347049851912,0.255209908812258,1.22542320546084,83.6159442587245,20,0.344814443588257
200,10,0.5,0.5,0.9,0.1,-0.1,0.75,0.5,0.173150954405076,0.05,0.0116463227010852,0.31479211203148,0.238489109352506,0.270705606002583,0.0974441167813308,0.264539224399026,1.61293182412897,80.9255843592636,12,0.344814443588257
30,80,0.5,1,0.9,0.1,-0.1,0.75,0.5,0.173150954405076,0.05,0.000317477333042425,0.280844131042646,0.922310112789352,0.258334088721247,0.189484855053284,0.267096574911109,0.559389784867605,80.1784486155736,80,0.344814443588257
50,64,0.5,1,0.9,0.1,-0.1,0.75,0.5,0.173150954405076,0.05,0.0105238954588784,0.245716095859523,0.671236195689281,0.279733598962197,0.129404814854185,0.26612127064074,0.630009355865246,80.4637477219811,64,0.344814443588257
100,52,0.5,1,0.9,0.1,-0.1,0.75,0.5,0.173150954405076,0.05,0.0546599074809453,0.248491403997087,0.191187613506294,0.292386478999996,0.144385087844527,0.264991459123568,0.704905238189037,80.7936940624608,52,0.344814443588257
200,46,0.5,1,0.9,0.1,-0.1,0.75,0.5,0.173150954405076,0.05,6.06582584425618e-05,0.273852057726941,0.782316674534215,0.259367715011623,0.186877267763317,0.264202653767569,0.753950608007078,81.0236721017028,44,0.344814443588257
30,44,0.5,0.1,0.9,0.1,-0.1,0.75,0.5,0.173150954405076,0.05,0.00105167868690074,0.279181057578225,0.996538962406204,0.251162404713129,0.289378458957879,0.265089061458126,0.765748596361472,80.7652153743153,44,0.344814443588257
50,28,0.5,0.1,0.9,0.1,-0.1,0.75,0.5,0.173150954405076,0.05,0.000143951471173748,0.258874653523228,0.41222695149988,0.248532142023518,0.25922993396068,0.258461325610126,1.00977825035661,82.6859234576138,28,0.344814443588257
100,14,0.5,0.1,0.9,0.1,-0.1,0.75,0.5,0.173150954405076,0.05,0.230555265216156,0.251064633581937,0.721707260689651,0.255104453404136,0.062962708515123,0.259778267686629,1.41359992039562,82.3066835171331,14,0.344814443588257
200,8,0.5,0.1,0.9,0.1,-0.1,0.75,0.5,0.173150954405076,0.05,0.00807268874455567,0.252481183197314,0.713494553939743,0.235854784373699,0.105547511407003,0.243926999383354,2.12095484415463,86.7516397602985,8,0.344814443588257
30,46,0.5,0.25,0.9,0.1,-0.1,0.75,0.5,0.173150954405076,0.05,0.0135157821847665,0.285119037011567,0.967654380775386,0.257350266729764,0.159119960824055,0.267422004573204,0.735907055990595,80.0831625317334,48,0.344814443588257
50,30,0.5,0.25,0.9,0.1,-0.1,0.75,0.5,0.173150954405076,0.05,0.0490648913319957,0.264719851193668,0.834578328658795,0.255848945438968,0.0492501850098528,0.260067104988269,0.963528774691769,82.2233289584527,30,0.344814443588257
100,16,0.5,0.25,0.9,0.1,-0.1,0.75,0.5,0.173150954405076,0.05,3.91944118769004e-05,0.281909436634195,0.382722094255374,0.243138724470219,0.0912254858372524,0.256202855136912,1.35946565715727,83.3329420656042,16,0.344814443588257
200,8,0.5,0.25,0.9,0.1,-0.1,0.75,0.5,0.173150954405076,0.05,0.00020808484218827,0.286363029290138,0.923397226425573,0.26477926505188,0.1278193959196,0.259577108296817,1.87291638519649,82.364698454724,8,0.344814443588257
30,52,0.5,0.5,0.9,0.1,-0.1,0.75,0.5,0.173150954405076,0.05,0.00108954875489913,0.293257110141767,0.625822120814049,0.267317620310578,0.159798073677979,0.26664625428356,0.696183163794665,80.3102296290235,56,0.344814443588257
50,34,0.5,0.5,0.9,0.1,-0.1,0.75,0.5,0.173150954405076,0.05,0.00217123090851316,0.278414783135097,0.839759257180312,0.251602665111112,0.180294215908908,0.264481472441486,0.875117152182321,80.9424194927146,36,0.344814443588257
100,20,0.5,0.5,0.9,0.1,-0.1,0.75,0.5,0.173150954405076,0.05,0.000442954132133765,0.269943820892014,0.126829996810279,0.222047824838574,0.168006226266776,0.255209908812258,1.22542320546084,83.6159442587245,20,0.344814443588257
200,10,0.5,0.5,0.9,0.1,-0.1,0.75,0.5,0.173150954405076,0.05,0.00931620019731104,0.278873609699902,0.367647028955616,0.251209549832776,0.0737138631075593,0.264539224399026,1.61293182412897,80.9255843592636,12,0.344814443588257
30,80,0.5,1,0.9,0.1,-0.1,0.75,0.5,0.173150954405076,0.05,0.0883926279907777,0.278513390775529,0.353510297937861,0.189449359258449,0.196723624012523,0.267096574911109,0.559389784867605,80.1784486155736,80,0.344814443588257
50,64,0.5,1,0.9,0.1,-0.1,0.75,0.5,0.173150954405076,0.05,0.0407388796429615,0.271796241685634,0.45038698815263,0.229870776485684,0.181509829225538,0.26612127064074,0.630009355865246,80.4637477219811,64,0.344814443588257
100,52,0.5,1,0.9,0.1,-0.1,0.75,0.5,0.173150954405076,0.05,0.00385620847726796,0.271631207313314,0.734129685869841,0.243116159919542,0.182034043325733,0.264991459123568,0.704905238189037,80.7936940624608,52,0.344814443588257
200,46,0.5,1,0.9,0.1,-0.1,0.75,0.5,0.173150954405076,0.05,3.55826792437142e-05,0.235238475161996,0.681411430714567,0.248844471620871,0.13012345802925,0.264202653767569,0.753950608007078,81.0236721017028,44,0.344814443588257
30,44,0.5,0.1,0.9,0.1,-0.1,0.75,0.5,0.173150954405076,0.05,0.00303586278151479,0.258303865918925,0.143667246456665,0.248455469427449,0.0761190269574467,0.265089061458126,0.765748596361472,80.7652153743153,44,0.344814443588257
50,28,0.5,0.1,0.9,0.1,-0.1,0.75,0.5,0.173150954405076,0.05,0.0375906592396572,0.252310751137111,0.810493610440444,0.242213508980747,0.16301733329093,0.258461325610126,1.00977825035661,82.6859234576138,28,0.344814443588257
100,14,0.5,0.1,0.9,0.1,-0.1,0.75,0.5,0.173150954405076,0.05,0.0567794612475429,0.268984088810033,0.24917747202496,0.255553294755288,0.0531505217741879,0.259778267686629,1.41359992039562,82.3066835171331,14,0.344814443588257
200,8,0.5,0.1,0.9,0.1,-0.1,0.75,0.5,0.173150954405076,0.05,3.48654282915442e-05,0.234087541281075,0.577517490940832,0.236752738237003,0.191426068313161,0.243926999383354,2.12095484415463,86.7516397602985,8,0.344814443588257
30,46,0.5,0.25,0.9,0.1,-0.1,0.75,0.5,0.173150954405076,0.05,0.204682184399002,0.25943739251036,0.283595196509834,0.250148303879527,0.0721647727382094,0.267422004573204,0.735907055990595,80.0831625317334,48,0.344814443588257
50,30,0.5,0.25,0.9,0.1,-0.1,0.75,0.5,0.173150954405076,0.05,0.0795880294396474,0.269629189728185,0.81677566397395,0.250969808708132,0.136172703557931,0.260067104988269,0.963528774691769,82.2233289584527,30,0.344814443588257
100,16,0.5,0.25,0.9,0.1,-0.1,0.75,0.5,0.173150954405076,0.05,0.173887956437768,0.245847301212808,0.388872591018278,0.246133310792743,0.126284529766191,0.256202855136912,1.35946565715727,83.3329420656042,16,0.344814443588257
200,8,0.5,0.25,0.9,0.1,-0.1,0.75,0.5,0.173150954405076,0.05,7.61570517876606e-05,0.271606212594285,0.16516798587174,0.232578848227023,0.0990333819578708,0.259577108296817,1.87291638519649,82.364698454724,8,0.344814443588257
30,52,0.5,0.5,0.9,0.1,-0.1,0.75,0.5,0.173150954405076,0.05,3.38186150663214e-05,0.279159436789159,0.387069462730653,0.272548127252965,0.184513244859942,0.26664625428356,0.696183163794665,80.3102296290235,56,0.344814443588257
50,34,0.5,0.5,0.9,0.1,-0.1,0.75,0.5,0.173150954405076,0.05,6.0107550247184e-05,0.29802077994531,0.318468651734882,0.274501711437195,0.311630274409364,0.264481472441486,0.875117152182321,80.9424194927146,36,0.344814443588257
100,20,0.5,0.5,0.9,0.1,-0.1,0.75,0.5,0.173150954405076,0.05,0.0831278172770624,0.289184031961296,0.4001732469006,0.275918850834791,0.225096074623731,0.255209908812258,1.22542320546084,83.6159442587245,20,0.344814443588257
200,10,0.5,0.5,0.9,0.1,-0.1,0.75,0.5,0.173150954405076,0.05,0.414813072938127,0.272429016282336,0.758867721582541,0.273617269738915,0.0794752437198266,0.264539224399026,1.61293182412897,80.9255843592636,12,0.344814443588257
30,80,0.5,1,0.9,0.1,-0.1,0.75,0.5,0.173150954405076,0.05,0.000211180085171076,0.26737166694738,0.950816993260099,0.253788945775365,0.164536359830315,0.267096574911109,0.559389784867605,80.1784486155736,80,0.344814443588257
50,64,0.5,1,0.9,0.1,-0.1,0.75,0.5,0.173150954405076,0.05,0.103001880018748,0.246637764179108,0.584107846085729,0.256297564568448,0.13219151873078,0.26612127064074,0.630009355865246,80.4637477219811,64,0.344814443588257
100,52,0.5,1,0.9,0.1,-0.1,0.75,0.5,0.173150954405076,0.05,0.00304448351195434,0.271658447771622,0.0246365344386535,0.229894220112977,0.182286794130893,0.264991459123568,0.704905238189037,80.7936940624608,52,0.344814443588257
200,46,0.5,1,0.9,0.1,-0.1,0.75,0.5,0.173150954405076,0.05,0.00225141492869152,0.263492896699222,0.674318323958867,0.293930325305925,0.172110019515041,0.264202653767569,0.753950608007078,81.0236721017028,44,0.344814443588257
30,44,0.5,0.1,0.9,0.1,-0.1,0.75,0.5,0.173150954405076,0.05,0.0229268298583502,0.266560082004099,0.454832961683554,0.255580660219215,0.114186179608677,0.265089061458126,0.765748596361472,80.7652153743153,44,0.344814443588257
50,28,0.5,0.1,0.9,0.1,-0.1,0.75,0.5,0.173150954405076,0.05,0.000196532062260154,0.255740707634588,0.0415911886148805,0.240400501444832,0.217842768716216,0.258461325610126,1.00977825035661,82.6859234576138,28,0.344814443588257
100,14,0.5,0.1,0.9,0.1,-0.1,0.75,0.5,0.173150954405076,0.05,0.000775683750366777,0.259210165573412,0.0592529402337431,0.255358233399993,0.18332524340262,0.259778267686629,1.41359992039562,82.3066835171331,14,0.344814443588257
200,8,0.5,0.1,0.9,0.1,-0.1,0.75,0.5,0.173150954405076,0.05,0.0181678319523062,0.241911258876441,0.0963310377904495,0.228949330686968,0.0463699257230473,0.243926999383354,2.12095484415463,86.7516397602985,8,0.344814443588257
30,46,0.5,0.25,0.9,0.1,-0.1,0.75,0.5,0.173150954405076,0.05,0.110707964672426,0.267329982733714,0.684182259663047,0.257568271561108,0.133373900816465,0.267422004573204,0.735907055990595,80.0831625317334,48,0.344814443588257
50,30,0.5,0.25,0.9,0.1,-0.1,0.75,0.5,0.173150954405076,0.05,0.0177403321714725,0.279519000079296,0.841568648594188,0.263134755695622,0.229276559004678,0.260067104988269,0.963528774691769,82.2233289584527,30,0.344814443588257
100,16,0.5,0.25,0.9,0.1,-0.1,0.75,0.5,0.173150954405076,0.05,0.000494137001861876,0.26386158278898,0.0878121997591926,0.236682129342456,0.219679256087006,0.256202855136912,1.35946565715727,83.3329420656042,16,0.344814443588257
200,8,0.5,0.25,0.9,0.1,-0.1,0.75,0.5,0.173150954405076,0.05,0.103374088598329,0.267055110004957,0.202833224392627,0.221415431702989,0.179221984795669,0.259577108296817,1.87291638519649,82.364698454724,8,0.344814443588257
30,52,0.5,0.5,0.9,0.1,-0.1,0.75,0.5,0.173150954405076,0.05,7.67554229617184e-07,0.2797298982776,0.048504354895006,0.262136655834234,0.188315812857525,0.26664625428356,0.696183163794665,80.3102296290235,56,0.344814443588257
50,34,0.5,0.5,0.9,0.1,-0.1,0.75,0.5,0.173150954405076,0.05,0.0145278008040264,0.277258414233766,0.838243144212319,0.269956699085779,0.127853086884919,0.264481472441486,0.875117152182321,80.9424194927146,36,0.344814443588257
100,20,0.5,0.5,0.9,0.1,-0.1,0.75,0.5,0.173150954405076,0.05,0.00103577271701846,0.276074372957497,0.378949175044307,0.251607638261697,0.160828491771981,0.255209908812258,1.22542320546084,83.6159442587245,20,0.344814443588257
200,10,0.5,0.5,0.9,0.1,-0.1,0.75,0.5,0.173150954405076,0.05,0.0015359386037994,0.287586217341008,0.693398823210456,0.298303353593946,0.220521927851378,0.264539224399026,1.61293182412897,80.9255843592636,12,0.344814443588257
30,80,0.5,1,0.9,0.1,-0.1,0.75,0.5,0.173150954405076,0.05,0.0642597975945418,0.272531405010983,0.269799115213217,0.261205260068709,0.180247595191862,0.267096574911109,0.559389784867605,80.1784486155736,80,0.344814443588257
50,64,0.5,1,0.9,0.1,-0.1,0.75,0.5,0.173150954405076,0.05,0.0844337231752914,0.253271323913559,0.380855334087104,0.289721793105114,0.146129329789764,0.26612127064074,0.630009355865246,80.4637477219811,64,0.344814443588257
100,52,0.5,1,0.9,0.1,-0.1,0.75,0.5,0.173150954405076,0.05,0.0133359055178059,0.208935465149657,0.271932194447133,0.268304519113608,0.0857267797495423,0.264991459123568,0.704905238189037,80.7936940624608,52,0.344814443588257
200,46,0.5,1,0.9,0.1,-0.1,0.75,0.5,0.173150954405076,0.05,0.0449396747651664,0.229610382919373,0.384404494581297,0.30389582427342,0.125177980546561,0.264202653767569,0.753950608007078,81.0236721017028,44,0.344814443588257
30,44,0.5,0.1,0.9,0.1,-0.1,0.75,0.5,0.173150954405076,0.05,0.000175858840345736,0.266162757658723,0.86622887280588,0.258393835205313,0.132042082012235,0.265089061458126,0.765748596361472,80.7652153743153,44,0.344814443588257
50,28,0.5,0.1,0.9,0.1,-0.1,0.75,0.5,0.173150954405076,0.05,0.00357492009872176,0.270885999169894,0.915925866072069,0.254109395476727,0.145448100752041,0.258461325610126,1.00977825035661,82.6859234576138,28,0.344814443588257
100,14,0.5,0.1,0.9,0.1,-0.1,0.75,0.5,0.173150954405076,0.05,0.0224911431764138,0.252354009660298,0.685380503123778,0.248377724428192,0.0812853904108525,0.259778267686629,1.41359992039562,82.3066835171331,14,0.344814443588257
200,8,0.5,0.1,0.9,0.1,-0.1,0.75,0.5,0.173150954405076,0.05,0.00744558050556631,0.244136262412552,0.0524201856262264,0.242514104941845,0.165571008872672,0.243926999383354,2.12095484415463,86.7516397602985,8,0.344814443588257
30,46,0.5,0.25,0.9,0.1,-0.1,0.75,0.5,0.173150954405076,0.05,0.077716182097097,0.26173578376878,0.544134884653498,0.253478317662948,0.0252513311001491,0.267422004573204,0.735907055990595,80.0831625317334,48,0.344814443588257
50,30,0.5,0.25,0.9,0.1,-0.1,0.75,0.5,0.173150954405076,0.05,0.162940799018884,0.258817952891472,0.0859720082231175,0.250585821418328,0.155903879623395,0.260067104988269,0.963528774691769,82.2233289584527,30,0.344814443588257
100,16,0.5,0.25,0.9,0.1,-0.1,0.75,0.5,0.173150954405076,0.05,0.000142545739976961,0.260395932622172,0.616962911314003,0.251265925056818,0.199505708494421,0.256202855136912,1.35946565715727,83.3329420656042,16,0.344814443588257
200,8,0.5,0.25,0.9,0.1,-0.1,0.75,0.5,0.173150954405076,0.05,0.00153685521624067,0.272524759376975,0.504867000066246,0.261646678976073,0.0763050299610441,0.259577108296817,1.87291638519649,82.364698454724,8,0.344814443588257
30,52,0.5,0.5,0.9,0.1,-0.1,0.75,0.5,0.173150954405076,0.05,7.98336679723975e-05,0.258952576110087,0.0251748131257391,0.253679276223462,0.0377147094702204,0.26664625428356,0.696183163794665,80.3102296290235,56,0.344814443588257
50,34,0.5,0.5,0.9,0.1,-0.1,0.75,0.5,0.173150954405076,0.05,8.28788176752884e-06,0.290906209827199,0.426856525312728,0.254767571134283,0.0995788573293657,0.264481472441486,0.875117152182321,80.9424194927146,36,0.344814443588257
100,20,0.5,0.5,0.9,0.1,-0.1,0.75,0.5,0.173150954405076,0.05,0.111598771257746,0.271130459549131,0.69039158028965,0.249334452432371,0.135503427139185,0.255209908812258,1.22542320546084,83.6159442587245,20,0.344814443588257
200,10,0.5,0.5,0.9,0.1,-0.1,0.75,0.5,0.173150954405076,0.05,0.0377798578430849,0.285458565107018,0.250245616918491,0.26396319257935,0.130832851442639,0.264539224399026,1.61293182412897,80.9255843592636,12,0.344814443588257
30,80,0.5,1,0.9,0.1,-0.1,0.75,0.5,0.173150954405076,0.05,0.00584216716385369,0.291140049818822,0.00440395040577475,0.242996125630775,0.23633987166154,0.267096574911109,0.559389784867605,80.1784486155736,80,0.344814443588257
50,64,0.5,1,0.9,0.1,-0.1,0.75,0.5,0.173150954405076,0.05,0.0136914124900712,0.270110104726748,0.0403890849318325,0.205509553446744,0.185687884939012,0.26612127064074,0.630009355865246,80.4637477219811,64,0.344814443588257
100,52,0.5,1,0.9,0.1,-0.1,0.75,0.5,0.173150954405076,0.05,0.0136208561509121,0.283564557425189,0.0656691517471506,0.264104636262344,0.208104492409214,0.264991459123568,0.704905238189037,80.7936940624608,52,0.344814443588257
200,46,0.5,1,0.9,0.1,-0.1,0.75,0.5,0.173150954405076,0.05,7.82352832780584e-05,0.24289263190818,0.601679155810362,0.234508900417765,0.142231729020352,0.264202653767569,0.753950608007078,81.0236721017028,44,0.344814443588257
